rk,School,Class,Draft Value,Exp. Draft Value,DVOE
1,Alabama,2017,1325.1,530.3,794.8
2,Ohio State,2013,1027.1,322.4,704.7
3,Ohio State,2015,686.1,233,453.1
4,Texas A&M,2010,576.7,135.9,440.8
5,Louisville,2011,515.5,86.8,428.7
6,NC State,2014,496.7,84,412.7
7,Iowa,2016,387.7,55.1,332.6
8,Washington,2014,404.3,78.5,325.8
9,Stanford,2014,465.4,148.2,317.2
10,Washington,2011,429.9,118.5,311.4
11,Ohio State,2014,599.5,298.3,301.2
12,Alabama,2016,631.5,334.9,296.6
13,California,2013,325.1,56.7,268.4
14,Alabama,2012,631.7,373.7,258
15,Texas A&M,2011,315.2,61.4,253.8
16,Iowa,2010,314.6,77.8,236.8
17,Louisville,2015,288.6,51.9,236.7
18,Clemson,2010,308.6,80.8,227.8
19,Florida,2013,532.5,306.7,225.8
20,Ohio State,2017,634.4,410.3,224.1
21,Clemson,2013,359.4,137.7,221.7
22,Georgia,2017,542.8,322.5,220.3
23,Texas Tech,2013,259.6,42.3,217.3
24,LSU,2017,481,264.3,216.7
25,Clemson,2017,368.9,156.2,212.7
26,Clemson,2011,444.6,236.9,207.7
27,Florida,2017,349,142.2,206.8
28,Clemson,2016,456.3,255.8,200.5
29,Maryland,2015,244.9,46.9,198
30,Western Michigan,2013,209.3,11.6,197.7
31,Michigan,2016,509.4,314.1,195.3
32,Ohio State,2011,446.8,256.5,190.3
33,UCF,2010,232.3,42.6,189.7
34,Ole Miss,2013,505.5,318.5,187
35,USC,2012,386.7,204.5,182.2
36,Oregon,2012,322.7,140.8,181.9
37,Florida State,2012,514,335,179
38,Clemson,2015,428.1,251.4,176.7
39,Oklahoma,2017,355.7,181.4,174.3
40,Iowa,2017,248.3,75.1,173.2
41,Alabama,2015,559.7,389,170.7
42,Washington,2013,285.9,119.2,166.7
43,Virginia Tech,2017,260.5,101,159.5
44,Oregon,2016,228.3,70.2,158.1
45,Boston College,2015,192.6,36.8,155.8
46,Kentucky,2015,216.1,60.8,155.3
47,Ohio State,2016,423,276,147
48,Duke,2015,190.4,43.9,146.5
49,Michigan State,2011,234.6,88.6,146
50,UT San Antonio,2014,150.6,6.9,143.7
51,Texas A&M,2015,355.8,214.4,141.4
52,Alabama,2013,610.1,468.7,141.4
53,Baylor,2012,230.3,92.5,137.8
54,Penn State,2015,272,141.8,130.2
55,South Carolina,2016,215.1,84.9,130.2
56,Georgia,2014,355.3,226.3,129
57,Washington,2016,218.7,91.2,127.5
58,Texas Tech,2014,177.3,50.6,126.7
59,Florida State,2010,365.8,240.4,125.4
60,Tulsa,2017,141.9,17.2,124.7
61,Mississippi State,2011,173.3,52,121.3
62,Notre Dame,2016,281.7,161,120.7
63,Notre Dame,2013,412.4,296.5,115.9
64,Wyoming,2011,126.7,12.6,114.1
65,Louisville,2012,159.8,47.3,112.5
66,Pittsburgh,2010,179.9,68.6,111.3
67,LSU,2014,482.3,371.8,110.5
68,Oklahoma State,2010,197.8,88.3,109.5
69,Indiana,2012,144.5,36.1,108.4
70,Oregon,2011,297.5,190,107.5
71,Notre Dame,2014,266.9,160.5,106.4
72,Clemson,2012,221.9,116.2,105.7
73,LSU,2016,396.1,290.5,105.6
74,Wisconsin,2011,155.4,50,105.4
75,Northwestern,2017,155.1,50.1,105
76,Connecticut,2010,121.2,17.8,103.4
77,Louisiana Tech,2012,116,13.1,102.9
78,Wake Forest,2010,141.9,40.1,101.8
79,Iowa,2015,133.9,32.1,101.8
80,Louisville,2017,164.5,65.4,99.1
81,Utah State,2016,105.8,10.1,95.7
82,Penn State,2014,191.4,96.3,95.1
83,UCF,2016,120.3,29.5,90.8
84,Memphis,2012,105.8,15.1,90.7
85,Notre Dame,2012,245.7,155.7,90
86,Utah,2011,131.5,42.3,89.2
87,San Diego State,2014,110.7,21.8,88.9
88,Virginia Tech,2010,150.6,65.7,84.9
89,Stanford,2012,319.2,234.3,84.9
90,Northern Illinois,2010,102.4,18.1,84.3
91,Missouri,2013,140.4,57.3,83.1
92,Hawai'i,2014,92,9.1,82.9
93,Houston,2017,107.9,26.1,81.8
94,Virginia Tech,2015,156.9,76,80.9
95,Boise State,2016,111.9,31.2,80.7
96,West Virginia,2012,150.6,70,80.6
97,Auburn,2011,346.7,266.6,80.1
98,Miami,2011,165.2,86.2,79
99,Michigan State,2010,189.2,110.2,79
100,Houston,2016,183.3,104.3,79
101,Washington State,2010,110.7,33.7,77
102,Utah,2016,123.3,47.6,75.7
103,Penn State,2011,158.9,83.5,75.4
104,UCLA,2010,273.3,197.9,75.4
105,Mississippi State,2016,167.4,92.2,75.2
106,Louisiana,2015,95.5,20.4,75.1
107,Florida,2014,289.6,214.6,75
108,UCF,2011,105.8,31.1,74.7
109,SMU,2015,95.9,21.6,74.3
110,Oregon State,2011,126.1,52,74.1
111,Florida,2016,257.6,185.5,72.1
112,Washington State,2014,118.8,47.4,71.4
113,Boise State,2013,104,34.4,69.6
114,UCLA,2014,184.7,115.6,69.1
115,Miami,2012,267.6,199.7,67.9
116,Boston College,2014,115.4,48.3,67.1
117,Duke,2010,100,35.4,64.6
118,LSU,2012,197.4,134.1,63.3
119,TCU,2014,113,50.1,62.9
120,TCU,2017,135.6,73.1,62.5
121,Wisconsin,2013,119.3,57,62.3
122,Western Kentucky,2012,76.2,14.8,61.4
123,Notre Dame,2017,209.3,148.1,61.2
124,Kentucky,2017,139.6,78.5,61.1
125,Texas Tech,2016,102.8,42.1,60.7
126,Oklahoma State,2016,107.4,48.8,58.6
127,Kansas State,2011,89.1,31.2,57.9
128,Kansas State,2014,78.5,23.6,54.9
129,SMU,2014,72.3,17.4,54.9
130,Boston College,2017,85.2,31.5,53.7
131,Minnesota,2016,99.8,47.3,52.5
132,UMass,2015,63.9,12.8,51.1
133,North Carolina,2015,142.4,93.4,49
134,North Carolina,2011,169.4,120.5,48.9
135,Louisiana Tech,2013,54.1,6.8,47.3
136,Memphis,2015,60.9,14.5,46.4
137,Boise State,2011,83.7,37.6,46.1
138,Louisiana Tech,2017,57.3,11.8,45.5
139,Utah,2013,87.5,42.5,45
140,BYU,2014,71.7,27,44.7
141,Florida Atlantic,2016,60.1,15.9,44.2
142,Delaware,2015,46.1,2.4,43.7
143,Colorado,2013,70.6,27.2,43.4
144,Arkansas,2014,136,93.7,42.3
145,Florida State,2013,259.8,218.2,41.6
146,Kansas,2015,59.5,18.3,41.2
147,South Carolina,2011,254.4,213.2,41.2
148,Fresno State,2011,53.3,12.5,40.8
149,Minnesota,2012,76.5,35.9,40.6
150,Boston College,2013,59,18.7,40.3
151,Colorado State,2010,73.8,33.8,40
152,Northern Illinois,2014,51.1,12.4,38.7
153,North Carolina,2010,140,101.9,38.1
154,Arizona State,2016,99.7,62.7,37
155,Penn State,2012,91.8,55,36.8
156,Washington,2017,130.3,94,36.3
157,NC State,2013,73.6,37.4,36.2
158,Stanford,2015,136.2,101.1,35.1
159,Western Michigan,2016,67.1,32.3,34.8
160,Temple,2012,60,25.4,34.6
161,Grand Valley State,2017,37.2,3.1,34.1
162,Louisiana,2013,52.7,20.2,32.5
163,Middle Tennessee,2011,42.8,11.3,31.5
164,Virginia Tech,2014,115.8,84.6,31.2
165,Syracuse,2015,68.9,37.9,31
166,Connecticut,2012,50,19.2,30.8
167,Western Michigan,2012,50.7,19.9,30.8
168,Pittsburgh,2014,85.1,54.8,30.3
169,Appalachian State,2016,40.1,10,30.1
170,Wyoming,2015,42,11.9,30.1
171,Houston,2014,52.8,22.9,29.9
172,Iowa State,2016,60.3,30.4,29.9
173,Oregon State,2010,66.9,37.8,29.1
174,TCU,2016,107.8,78.8,29
175,Michigan,2017,347.4,318.8,28.6
176,Toledo,2013,52,24,28
177,Auburn,2016,262.5,235.5,27
178,Houston,2013,61,34.1,26.9
179,Ohio State,2010,150.2,123.4,26.8
180,Ohio,2012,41.4,15.1,26.3
181,USC,2014,237.8,211.5,26.3
182,Clemson,2014,159.8,133.6,26.2
183,Vanderbilt,2016,64,37.8,26.2
184,Tennessee,2014,244.6,218.5,26.1
185,Michigan State,2014,129.9,104.1,25.8
186,UCF,2013,49.7,23.9,25.8
187,Western Michigan,2014,52.2,26.6,25.6
188,Fresno State,2010,60.5,36,24.5
189,Missouri,2010,131.4,107.1,24.3
190,UCLA,2013,274,249.8,24.2
191,Pittsburgh,2013,100.6,76.6,24
192,Miami,2015,104.2,80.4,23.8
193,Charlotte,2014,32.3,8.6,23.7
194,Utah State,2011,31.5,7.8,23.7
195,Colorado,2015,48,24.4,23.6
196,Utah State,2012,30.4,7.4,23
197,San José State,2011,33.1,10.3,22.8
198,Western Kentucky,2013,37.2,15.3,21.9
199,Colorado,2010,64,42.8,21.2
200,Vanderbilt,2010,68.8,47.7,21.1
201,Tulane,2017,32.4,11.5,20.9
202,Northern Iowa,2016,24,3.2,20.8
203,San Diego State,2012,41.8,21.1,20.7
204,Oklahoma State,2012,89.4,68.9,20.5
205,Fordham,2014,21.5,1.4,20.1
206,Eastern Michigan,2017,23.8,4.6,19.2
207,Rutgers,2013,64,45,19
208,UMass,2012,20.4,2,18.4
209,Southern Mississippi,2014,31,12.8,18.2
210,Tulane,2013,38.4,20.6,17.8
211,New Mexico State,2016,22.4,5.1,17.3
212,Vanderbilt,2017,52.2,35.5,16.7
213,LSU,2011,308.9,292.3,16.6
214,Temple,2015,37.6,21.3,16.3
215,Baylor,2016,57.8,41.7,16.1
216,Rice,2016,22.5,6.7,15.8
217,Western Kentucky,2014,24,8.3,15.7
218,Wisconsin,2017,70.6,55,15.6
219,Charlotte,2015,22.2,6.7,15.5
220,Tennessee,2010,224.1,209,15.1
221,Eastern Michigan,2015,25.4,10.4,15
222,Bowling Green,2015,31.2,16.5,14.7
223,Kansas State,2013,36.7,22.2,14.5
224,North Texas,2017,22.2,7.8,14.4
225,USC,2017,319.8,306.2,13.6
226,Mississippi State,2017,95.1,82.5,12.6
227,Florida Atlantic,2013,25.9,13.5,12.4
228,Indiana,2011,50,37.8,12.2
229,North Dakota State,2014,14.3,2.3,12
230,Utah,2012,66,54,12
231,Duke,2017,64.7,53.2,11.5
232,BYU,2015,38.5,27.9,10.6
233,Old Dominion,2014,27.9,17.3,10.6
234,Northern Illinois,2012,27.6,17,10.6
235,Iowa,2012,69.8,59.3,10.5
236,Western Carolina,2017,10.8,0.5,10.3
237,Wyoming,2014,16.9,6.7,10.2
238,Wyoming,2010,23.2,13.1,10.1
239,San José State,2010,26.8,17.9,8.9
240,Missouri,2017,57.4,48.7,8.7
241,Temple,2016,42.2,33.6,8.6
242,Hawai'i,2016,19.2,10.8,8.4
243,Penn State,2017,138.7,130.6,8.1
244,Cincinnati,2011,50.7,42.8,7.9
245,Utah State,2010,21.6,14.2,7.4
246,Wake Forest,2016,45.3,38.2,7.1
247,West Virginia,2013,66.4,59.3,7.1
248,Idaho,2014,10.1,3.1,7
249,Oklahoma State,2014,89,82.1,6.9
250,Arkansas,2013,95.5,88.8,6.7
251,Georgia Tech,2012,55.3,48.7,6.6
252,Texas,2017,82.6,76.5,6.1
253,Boston College,2012,34.9,29,5.9
254,Iowa State,2015,25.9,20.1,5.8
255,Ball State,2015,18.6,13,5.6
256,Western Kentucky,2010,16.8,12.1,4.7
257,Western Kentucky,2011,24.8,20.5,4.3
258,Louisiana Tech,2016,20.9,16.8,4.1
259,Buffalo,2015,12.1,8.3,3.8
260,Memphis,2010,23.7,20.3,3.4
261,Akron,2015,8.5,5.1,3.4
262,UAB,2013,18.4,15.1,3.3
263,Eastern Michigan,2012,16,13,3
264,San Diego State,2017,25,22.1,2.9
265,UTEP,2013,11,8.1,2.9
266,Rutgers,2015,35.5,32.9,2.6
267,Troy,2015,11.7,9.3,2.4
268,Memphis,2013,17.6,15.3,2.3
269,Akron,2012,12.2,10,2.2
270,NC State,2010,77.9,75.7,2.2
271,Memphis,2014,18.4,16.2,2.2
272,Purdue,2015,29.3,27.2,2.1
273,Arizona State,2010,47.5,45.6,1.9
274,East Carolina,2016,20.6,18.7,1.9
275,UMass,2016,16.2,14.4,1.8
276,Louisiana Monroe,2012,12.7,10.9,1.8
277,Iowa,2013,43.5,41.8,1.7
278,San José State,2015,39.1,37.4,1.7
279,Arkansas State,2016,7.9,6.5,1.4
280,North Carolina,2013,80.3,79,1.3
281,Miami (OH),2016,15.6,14.4,1.2
282,Utah,2017,57,55.9,1.1
283,Colorado State,2015,7.9,6.8,1.1
284,Purdue,2017,24.3,23.2,1.1
285,Tulsa,2015,17.1,16.1,1
286,Louisiana,2017,9.5,8.5,1
287,NC State,2011,23.7,22.7,1
288,Louisiana Monroe,2014,8.8,7.9,0.9
289,Cincinnati,2015,28.1,27.3,0.8
290,Wyoming,2016,8.8,8,0.8
291,Wisconsin,2012,51.8,51.1,0.7
292,San Diego State,2013,21.8,21.6,0.2
293,Bemidji State,2014,0,0,0
294,Bluefield College,2014,0,0,0
295,Butler,2014,0,0,0
296,Dayton,2017,0,0,0
297,Drake,2016,0,0,0
298,Florida A&M,2014,0,0,0
299,Gardner-Webb,2017,0,0,0
300,Howard,2016,0,0,0
301,Maine,2016,0,0,0
302,Maine,2017,0,0,0
303,Malone,2014,0,0,0
304,Marist,2014,0,0,0
305,Merrimack,2014,0,0,0
306,Midwestern State,2014,0,0,0
307,Morehead State,2017,0,0,0
308,Nicholls,2017,0,0,0
309,North Alabama,2014,0,0,0
310,North Carolina A&T,2017,0,0,0
311,North Greenville,2014,0,0,0
312,Sacred Heart,2017,0,0,0
313,Southern,2014,0,0,0
314,Southwest Minnesota State,2014,0,0,0
315,Southwest Minnesota State,2016,0,0,0
316,St Francis (PA),2014,0,0,0
317,The Citadel,2016,0,0,0
318,Tuskegee,2014,0,0,0
319,Wagner,2014,0,0,0
320,Alabama State,2015,0,0.1,-0.1
321,Elon,2017,0,0.1,-0.1
322,Emporia State,2016,0,0.1,-0.1
323,Furman,2017,0,0.1,-0.1
324,Henderson State,2017,0,0.1,-0.1
325,Jacksonville,2015,0,0.1,-0.1
326,Lenoir-Rhyne,2013,0,0.1,-0.1
327,Mississippi Valley State,2015,0,0.1,-0.1
328,Morgan State,2015,0,0.1,-0.1
329,North Carolina A&T,2015,0,0.1,-0.1
330,North Dakota State,2013,0,0.1,-0.1
331,Northern Michigan,2013,0,0.1,-0.1
332,Notre Dame College,2014,0,0.1,-0.1
333,Robert Morris,2014,0,0.1,-0.1
334,San Diego,2017,0,0.1,-0.1
335,Savannah State,2014,0,0.1,-0.1
336,Shorter,2014,0,0.1,-0.1
337,Texas Southern,2014,0,0.1,-0.1
338,Tusculum,2014,0,0.1,-0.1
339,VMI,2014,0,0.1,-0.1
340,Albany,2015,0,0.2,-0.2
341,Benedict College,2014,0,0.2,-0.2
342,Central Connecticut,2016,0,0.2,-0.2
343,Chadron State,2014,0,0.2,-0.2
344,Dartmouth,2013,0,0.2,-0.2
345,Delaware State,2015,0,0.2,-0.2
346,Eastern Illinois,2017,0,0.2,-0.2
347,Elon,2013,0,0.2,-0.2
348,Georgetown,2013,0,0.2,-0.2
349,Grand Valley State,2015,0,0.2,-0.2
350,Howard,2014,0,0.2,-0.2
351,Lenoir-Rhyne,2014,0,0.2,-0.2
352,Marist,2017,0,0.2,-0.2
353,Morgan State,2016,0,0.2,-0.2
354,North Alabama,2017,0,0.2,-0.2
355,Rhode Island,2013,0,0.2,-0.2
356,Robert Morris,2013,0,0.2,-0.2
357,Southern Utah,2015,0,0.2,-0.2
358,Stetson,2017,0,0.2,-0.2
359,Texas Southern,2013,0,0.2,-0.2
360,Wingate,2015,0,0.2,-0.2
361,Alabama A&M,2017,0,0.3,-0.3
362,Bucknell,2014,0,0.3,-0.3
363,Butler,2015,0,0.3,-0.3
364,Cal Poly,2012,0,0.3,-0.3
365,Delaware,2012,0,0.3,-0.3
366,Ferris State,2014,0,0.3,-0.3
367,Florida Tech,2016,0,0.3,-0.3
368,Fordham,2017,0,0.3,-0.3
369,Furman,2012,0,0.3,-0.3
370,Indiana State,2015,0,0.3,-0.3
371,Lamar,2015,0,0.3,-0.3
372,Maine,2014,0,0.3,-0.3
373,New Hampshire,2016,0,0.3,-0.3
374,New Hampshire,2017,0,0.3,-0.3
375,North Dakota,2014,0,0.3,-0.3
376,Sacramento State,2015,0,0.3,-0.3
377,Southern,2017,0,0.3,-0.3
378,Southwest Minnesota State,2015,0,0.3,-0.3
379,Texas A&M-Kingsville,2016,0,0.3,-0.3
380,Texas Southern,2016,0,0.3,-0.3
381,UT Martin,2016,0,0.3,-0.3
382,VMI,2017,0,0.3,-0.3
383,West Texas A&M,2017,0,0.3,-0.3
384,Western New Mexico,2014,0,0.3,-0.3
385,Illinois,2017,44.4,44.8,-0.4
386,Bethune-Cookman,2017,0,0.4,-0.4
387,Cal Poly,2014,0,0.4,-0.4
388,Cal Poly,2017,0,0.4,-0.4
389,Campbell,2014,0,0.4,-0.4
390,Central Arkansas,2012,0,0.4,-0.4
391,Central Arkansas,2017,0,0.4,-0.4
392,Eastern Illinois,2011,0,0.4,-0.4
393,Elon,2014,0,0.4,-0.4
394,Gardner-Webb,2013,0,0.4,-0.4
395,Georgetown,2015,0,0.4,-0.4
396,Idaho State,2017,0,0.4,-0.4
397,Indiana State,2011,0,0.4,-0.4
398,Lehigh,2014,0,0.4,-0.4
399,Lenoir-Rhyne,2012,0,0.4,-0.4
400,Mississippi College,2017,0,0.4,-0.4
401,Montana State,2014,0,0.4,-0.4
402,North Carolina Central,2012,0,0.4,-0.4
403,North Dakota,2013,0,0.4,-0.4
404,North Dakota,2015,0,0.4,-0.4
405,North Dakota,2016,0,0.4,-0.4
406,North Dakota State,2011,0,0.4,-0.4
407,Northern Iowa,2013,0,0.4,-0.4
408,Richmond,2012,0,0.4,-0.4
409,Sacramento State,2014,0,0.4,-0.4
410,South Dakota,2013,0,0.4,-0.4
411,South Dakota,2014,0,0.4,-0.4
412,Southeast Missouri State,2013,0,0.4,-0.4
413,Stephen F. Austin,2014,0,0.4,-0.4
414,The Citadel,2012,0,0.4,-0.4
415,UT Martin,2014,0,0.4,-0.4
416,Weber State,2013,0,0.4,-0.4
417,Western Carolina,2011,0,0.4,-0.4
418,Western Carolina,2012,0,0.4,-0.4
419,Western Illinois,2013,0,0.4,-0.4
420,Alabama A&M,2016,0,0.5,-0.5
421,Bucknell,2013,0,0.5,-0.5
422,Cornell,2012,0,0.5,-0.5
423,Delta State,2015,0,0.5,-0.5
424,Fairmont State,2010,0,0.5,-0.5
425,Grambling,2013,0,0.5,-0.5
426,Idaho State,2012,0,0.5,-0.5
427,Incarnate Word,2015,0,0.5,-0.5
428,Lafayette,2016,0,0.5,-0.5
429,Liberty,2014,0,0.5,-0.5
430,Maine,2013,0,0.5,-0.5
431,Monmouth,2016,0,0.5,-0.5
432,Montana State,2015,0,0.5,-0.5
433,Norfolk State,2012,0,0.5,-0.5
434,Norfolk State,2015,0,0.5,-0.5
435,North Alabama,2013,0,0.5,-0.5
436,North Carolina A&T,2014,0,0.5,-0.5
437,North Carolina A&T,2016,0,0.5,-0.5
438,Northwestern State,2017,0,0.5,-0.5
439,Portland State,2013,0,0.5,-0.5
440,Presbyterian College,2012,0,0.5,-0.5
441,South Florida,2013,42.5,43,-0.5
442,Stony Brook,2015,0,0.5,-0.5
443,Tennessee State,2015,0,0.5,-0.5
444,Alabama State,2013,0,0.6,-0.6
445,Appalachian State,2011,0,0.6,-0.6
446,Bethune-Cookman,2014,0,0.6,-0.6
447,Bucknell,2016,0,0.6,-0.6
448,Colgate,2016,0,0.6,-0.6
449,Columbia,2012,0,0.6,-0.6
450,Columbia,2015,0,0.6,-0.6
451,Delta State,2017,0,0.6,-0.6
452,Duquesne,2014,0,0.6,-0.6
453,Elon,2012,0,0.6,-0.6
454,Fordham,2013,0,0.6,-0.6
455,Gallaudet,2015,0,0.6,-0.6
456,Grambling,2012,0,0.6,-0.6
457,Harvard,2012,0,0.6,-0.6
458,Holy Cross,2015,0,0.6,-0.6
459,Idaho State,2015,0,0.6,-0.6
460,Incarnate Word,2016,0,0.6,-0.6
461,Incarnate Word,2017,0,0.6,-0.6
462,Mississippi College,2014,0,0.6,-0.6
463,Montana State,2012,0,0.6,-0.6
464,Murray State,2015,0,0.6,-0.6
465,New Hampshire,2010,0,0.6,-0.6
466,Norfolk State,2010,0,0.6,-0.6
467,Norfolk State,2014,0,0.6,-0.6
468,North Dakota,2012,0,0.6,-0.6
469,Northern Colorado,2012,0,0.6,-0.6
470,Prairie View,2014,0,0.6,-0.6
471,Sacramento State,2017,0,0.6,-0.6
472,South Dakota State,2012,0,0.6,-0.6
473,Southeastern Louisiana,2017,0,0.6,-0.6
474,Southern Utah,2012,0,0.6,-0.6
475,St Francis (PA),2015,0,0.6,-0.6
476,Stetson,2013,0,0.6,-0.6
477,Tarleton State,2014,0,0.6,-0.6
478,Valdosta State,2012,0,0.6,-0.6
479,Wofford,2017,0,0.6,-0.6
480,Boston College,2010,54.5,55.2,-0.7
481,Bethune-Cookman,2011,0,0.7,-0.7
482,Brown,2016,0,0.7,-0.7
483,Charleston Southern,2016,0,0.7,-0.7
484,Charleston Southern,2017,0,0.7,-0.7
485,Colgate,2013,0,0.7,-0.7
486,Colgate,2014,0,0.7,-0.7
487,Colgate,2017,0,0.7,-0.7
488,Cornell,2014,0,0.7,-0.7
489,Cornell,2015,0,0.7,-0.7
490,Eastern Kentucky,2012,0,0.7,-0.7
491,Elon,2016,0,0.7,-0.7
492,Gallaudet,2017,0,0.7,-0.7
493,Georgetown,2014,0,0.7,-0.7
494,Hampton,2014,0,0.7,-0.7
495,Houston Baptist,2014,0,0.7,-0.7
496,Jackson State,2017,0,0.7,-0.7
497,Kennesaw State,2015,0,0.7,-0.7
498,Maine,2015,0,0.7,-0.7
499,Missouri State,2015,0,0.7,-0.7
500,Monmouth,2012,0,0.7,-0.7
501,North Carolina Central,2014,0,0.7,-0.7
502,North Carolina Central,2016,0,0.7,-0.7
503,Northwest Missouri State,2014,0,0.7,-0.7
504,Northwestern Oklahoma State,2016,0,0.7,-0.7
505,Notre Dame College,2012,0,0.7,-0.7
506,Portland State,2015,0,0.7,-0.7
507,Presbyterian College,2014,0,0.7,-0.7
508,San Diego,2016,0,0.7,-0.7
509,South Carolina State,2017,0,0.7,-0.7
510,South Dakota State,2014,0,0.7,-0.7
511,Southeast Missouri State,2015,0,0.7,-0.7
512,Southeastern Louisiana,2015,0,0.7,-0.7
513,St Francis (PA),2017,0,0.7,-0.7
514,Stony Brook,2016,0,0.7,-0.7
515,Texas Southern,2015,0,0.7,-0.7
516,Towson,2017,0,0.7,-0.7
517,UC Davis,2013,0,0.7,-0.7
518,UMass,2011,0,0.7,-0.7
519,UT Martin,2013,0,0.7,-0.7
520,UT San Antonio,2011,0,0.7,-0.7
521,VMI,2016,0,0.7,-0.7
522,Valparaiso,2015,0,0.7,-0.7
523,Weber State,2012,0,0.7,-0.7
524,West Alabama,2014,0,0.7,-0.7
525,Western Carolina,2014,0,0.7,-0.7
526,Fordham,2015,0,0.8,-0.8
527,Jackson State,2014,0,0.8,-0.8
528,Richmond,2017,0,0.8,-0.8
529,Southern Illinois,2016,0,0.8,-0.8
530,Alabama A&M,2013,0,0.8,-0.8
531,Campbell,2017,0,0.8,-0.8
532,Chattanooga,2012,0,0.8,-0.8
533,Columbia,2013,0,0.8,-0.8
534,Columbia,2014,0,0.8,-0.8
535,Delaware State,2012,0,0.8,-0.8
536,Delaware State,2014,0,0.8,-0.8
537,Delaware State,2017,0,0.8,-0.8
538,Eastern Kentucky,2014,0,0.8,-0.8
539,Elon,2015,0,0.8,-0.8
540,Faulkner,2014,0,0.8,-0.8
541,Ferris State,2013,0,0.8,-0.8
542,Hampton,2016,0,0.8,-0.8
543,Holy Cross,2014,0,0.8,-0.8
544,Idaho State,2014,0,0.8,-0.8
545,Kennesaw State,2016,0,0.8,-0.8
546,Kentucky Wesleyan,2014,0,0.8,-0.8
547,Lehigh,2012,0,0.8,-0.8
548,Lehigh,2017,0,0.8,-0.8
549,McNeese,2015,0,0.8,-0.8
550,Morehead State,2016,0,0.8,-0.8
551,Morgan State,2017,0,0.8,-0.8
552,North Carolina Central,2015,0,0.8,-0.8
553,Northern Iowa,2012,0,0.8,-0.8
554,Northwestern State,2014,0,0.8,-0.8
555,Presbyterian College,2013,0,0.8,-0.8
556,Princeton,2012,0,0.8,-0.8
557,Sam Houston State,2014,0,0.8,-0.8
558,Southeast Missouri State,2012,0,0.8,-0.8
559,Southern,2016,0,0.8,-0.8
560,Texas Southern,2012,0,0.8,-0.8
561,Towson,2013,0,0.8,-0.8
562,Valdosta State,2016,0,0.8,-0.8
563,West Georgia,2017,0,0.8,-0.8
564,Western Carolina,2013,0,0.8,-0.8
565,Western Illinois,2012,0,0.8,-0.8
566,Western Illinois,2016,0,0.8,-0.8
567,Coastal Carolina,2016,9.9,10.8,-0.9
568,Charleston Southern,2015,0,0.9,-0.9
569,Houston Baptist,2013,0,0.9,-0.9
570,Jacksonville,2014,0,0.9,-0.9
571,McNeese,2014,0,0.9,-0.9
572,Missouri State,2016,0,0.9,-0.9
573,Northern Colorado,2014,0,0.9,-0.9
574,Samford,2017,0,0.9,-0.9
575,Southern Illinois,2012,0,0.9,-0.9
576,VMI,2013,0,0.9,-0.9
577,Azusa Pacific,2013,0,0.9,-0.9
578,Brown,2013,0,0.9,-0.9
579,Coastal Carolina,2014,0,0.9,-0.9
580,Cornell,2016,0,0.9,-0.9
581,Eastern Kentucky,2015,0,0.9,-0.9
582,Fairmont State,2014,0,0.9,-0.9
583,Fort Hays State,2014,0,0.9,-0.9
584,Georgia Southern,2010,0,0.9,-0.9
585,Hampton,2015,0,0.9,-0.9
586,Indiana State,2017,0,0.9,-0.9
587,Montana,2012,0,0.9,-0.9
588,New Hampshire,2014,0,0.9,-0.9
589,Newberry,2013,0,0.9,-0.9
590,Northeastern State,2017,0,0.9,-0.9
591,Northern Colorado,2015,0,0.9,-0.9
592,Old Dominion,2011,0,0.9,-0.9
593,Sacred Heart,2016,0,0.9,-0.9
594,Towson,2012,0,0.9,-0.9
595,Villanova,2014,0,0.9,-0.9
596,William & Mary,2013,0,0.9,-0.9
597,Youngstown State,2016,0,0.9,-0.9
598,Georgia State,2013,8.4,9.4,-1
599,Nicholls,2016,0,1,-1
600,The Citadel,2017,0,1,-1
601,Coastal Carolina,2012,0,1,-1
602,Dartmouth,2017,0,1,-1
603,Eastern Washington,2014,0,1,-1
604,Gardner-Webb,2015,0,1,-1
605,Holy Cross,2016,0,1,-1
606,New Hampshire,2015,0,1,-1
607,Norfolk State,2016,0,1,-1
608,Presbyterian College,2016,0,1,-1
609,Robert Morris,2015,0,1,-1
610,Southeast Missouri State,2017,0,1,-1
611,Valdosta State,2017,0,1,-1
612,William & Mary,2012,0,1,-1
613,Youngstown State,2017,0,1,-1
614,Columbia,2017,0,1.1,-1.1
615,Albany,2017,0,1.1,-1.1
616,Bethune-Cookman,2012,0,1.1,-1.1
617,Central Arkansas,2014,0,1.1,-1.1
618,Florida A&M,2017,0,1.1,-1.1
619,Holy Cross,2011,0,1.1,-1.1
620,Jackson State,2016,0,1.1,-1.1
621,Lafayette,2014,0,1.1,-1.1
622,Montana State,2016,0,1.1,-1.1
623,North Carolina Central,2017,0,1.1,-1.1
624,Northern Colorado,2013,0,1.1,-1.1
625,Presbyterian College,2015,0,1.1,-1.1
626,Savannah State,2016,0,1.1,-1.1
627,Tennessee Tech,2017,0,1.1,-1.1
628,The Citadel,2014,0,1.1,-1.1
629,Wake Forest,2014,32.5,33.6,-1.1
630,Western Illinois,2014,0,1.1,-1.1
631,Abilene Christian,2015,0,1.2,-1.2
632,Alcorn State,2017,0,1.2,-1.2
633,Cornell,2017,0,1.2,-1.2
634,Duquesne,2013,0,1.2,-1.2
635,Eastern Illinois,2016,0,1.2,-1.2
636,Florida A&M,2013,0,1.2,-1.2
637,Fordham,2016,0,1.2,-1.2
638,Gardner-Webb,2016,0,1.2,-1.2
639,Marist,2015,0,1.2,-1.2
640,Prairie View,2015,0,1.2,-1.2
641,Richmond,2015,0,1.2,-1.2
642,Southeastern Louisiana,2013,0,1.2,-1.2
643,Youngstown State,2014,0,1.2,-1.2
644,Tennessee State,2012,0,1.3,-1.3
645,Valdosta State,2014,0,1.3,-1.3
646,Alabama State,2014,0,1.3,-1.3
647,Eastern Washington,2015,0,1.3,-1.3
648,Georgetown,2016,0,1.3,-1.3
649,McNeese,2013,0,1.3,-1.3
650,Montana,2013,0,1.3,-1.3
651,Prairie View,2016,0,1.3,-1.3
652,Prairie View,2017,0,1.3,-1.3
653,Southern Utah,2017,0,1.3,-1.3
654,Temple,2014,18.4,19.7,-1.3
655,Troy,2014,0,1.3,-1.3
656,William & Mary,2014,0,1.3,-1.3
657,Youngstown State,2015,0,1.3,-1.3
658,Ohio,2013,7.9,9.3,-1.4
659,Wyoming,2012,9.1,10.5,-1.4
660,Albany,2016,0,1.4,-1.4
661,Cal Poly,2016,0,1.4,-1.4
662,Delaware,2014,0,1.4,-1.4
663,Delaware State,2016,0,1.4,-1.4
664,East Tennessee State,2015,0,1.4,-1.4
665,Grambling,2014,0,1.4,-1.4
666,Harvard,2011,0,1.4,-1.4
667,Illinois State,2017,0,1.4,-1.4
668,Incarnate Word,2014,0,1.4,-1.4
669,Lafayette,2015,0,1.4,-1.4
670,Lamar,2017,0,1.4,-1.4
671,Missouri State,2017,0,1.4,-1.4
672,North Dakota,2017,0,1.4,-1.4
673,Northwestern State,2016,0,1.4,-1.4
674,Portland State,2017,0,1.4,-1.4
675,Richmond,2014,0,1.4,-1.4
676,Tennessee Tech,2015,0,1.4,-1.4
677,Texas State,2011,0,1.4,-1.4
678,VMI,2012,0,1.4,-1.4
679,Western Illinois,2017,0,1.4,-1.4
680,William & Mary,2016,0,1.4,-1.4
681,Abilene Christian,2017,0,1.5,-1.5
682,Alabama State,2016,0,1.5,-1.5
683,Alcorn State,2016,0,1.5,-1.5
684,Eastern Illinois,2014,0,1.5,-1.5
685,Georgia State,2010,0,1.5,-1.5
686,Idaho State,2016,0,1.5,-1.5
687,Iowa Wesleyan,2014,0,1.5,-1.5
688,Lehigh,2013,0,1.5,-1.5
689,Monmouth,2014,0,1.5,-1.5
690,Newberry,2012,0,1.5,-1.5
691,Northern Arizona,2013,0,1.5,-1.5
692,Northern Iowa,2015,0,1.5,-1.5
693,Northern Iowa,2017,0,1.5,-1.5
694,Rhode Island,2015,0,1.5,-1.5
695,South Dakota,2016,0,1.5,-1.5
696,Stephen F. Austin,2013,0,1.5,-1.5
697,Stony Brook,2013,0,1.5,-1.5
698,Tennessee State,2014,0,1.5,-1.5
699,The Citadel,2013,0,1.5,-1.5
700,Villanova,2013,0,1.5,-1.5
701,McNeese,2017,0,1.6,-1.6
702,Wofford,2013,0,1.6,-1.6
703,Youngstown State,2013,0,1.6,-1.6
704,Brown,2017,0,1.6,-1.6
705,Dartmouth,2012,0,1.6,-1.6
706,Dartmouth,2015,0,1.6,-1.6
707,Hampton,2012,0,1.6,-1.6
708,Lafayette,2017,0,1.6,-1.6
709,Mercer,2015,0,1.6,-1.6
710,Robert Morris,2016,0,1.6,-1.6
711,Southern Utah,2016,0,1.6,-1.6
712,Stephen F. Austin,2015,0,1.6,-1.6
713,Virginia,2016,34.5,36.1,-1.6
714,Wagner,2012,0,1.6,-1.6
715,Wofford,2014,0,1.6,-1.6
716,Yale,2012,0,1.6,-1.6
717,Appalachian State,2013,8.2,9.9,-1.7
718,Charlotte,2012,0,1.7,-1.7
719,UCF,2014,29,30.7,-1.7
720,Bucknell,2015,0,1.7,-1.7
721,Coastal Carolina,2015,0,1.7,-1.7
722,Colgate,2015,0,1.7,-1.7
723,East Tennessee State,2017,0,1.7,-1.7
724,Grand Valley State,2016,0,1.7,-1.7
725,Howard,2017,0,1.7,-1.7
726,James Madison,2013,0,1.7,-1.7
727,James Madison,2014,0,1.7,-1.7
728,Liberty,2016,0,1.7,-1.7
729,Mercer,2014,0,1.7,-1.7
730,Nicholls,2014,0,1.7,-1.7
731,Northern Colorado,2017,0,1.7,-1.7
732,Pennsylvania,2012,0,1.7,-1.7
733,Sacramento State,2013,0,1.7,-1.7
734,Sam Houston State,2013,0,1.7,-1.7
735,South Carolina State,2011,0,1.7,-1.7
736,South Carolina State,2016,0,1.7,-1.7
737,Towson,2014,0,1.7,-1.7
738,Houston Baptist,2017,0,1.8,-1.8
739,Tennessee Tech,2013,0,1.8,-1.8
740,UC Davis,2014,0,1.8,-1.8
741,Virginia,2015,43.6,45.4,-1.8
742,Air Force,2010,0,1.8,-1.8
743,Austin Peay,2014,0,1.8,-1.8
744,Bethune-Cookman,2015,0,1.8,-1.8
745,East Tennessee State,2014,0,1.8,-1.8
746,Furman,2016,0,1.8,-1.8
747,Lehigh,2016,0,1.8,-1.8
748,Murray State,2014,0,1.8,-1.8
749,Pennsylvania,2014,0,1.8,-1.8
750,William & Mary,2017,0,1.8,-1.8
751,Wofford,2015,0,1.8,-1.8
752,Abilene Christian,2013,0,1.9,-1.9
753,Coastal Carolina,2013,0,1.9,-1.9
754,Furman,2014,0,1.9,-1.9
755,Gardner-Webb,2012,0,1.9,-1.9
756,Liberty,2011,0,1.9,-1.9
757,Liberty,2012,0,1.9,-1.9
758,Sam Houston State,2015,0,1.9,-1.9
759,Southern Illinois,2015,0,1.9,-1.9
760,Weber State,2017,0,1.9,-1.9
761,Western Carolina,2016,0,1.9,-1.9
762,Western Illinois,2015,0,1.9,-1.9
763,Wingate,2013,0,1.9,-1.9
764,Missouri State,2014,0,2,-2
765,UC Davis,2017,0,2,-2
766,Central Michigan,2015,11.9,13.9,-2
767,Chattanooga,2016,0,2,-2
768,Holy Cross,2017,0,2,-2
769,Illinois State,2015,0,2,-2
770,McNeese,2012,0,2,-2
771,Southern Illinois,2013,0,2,-2
772,Weber State,2015,0,2,-2
773,Duquesne,2015,0,2.1,-2.1
774,Monmouth,2015,0,2.1,-2.1
775,Richmond,2013,0,2.1,-2.1
776,Furman,2015,0,2.1,-2.1
777,Idaho,2017,0,2.1,-2.1
778,Indiana State,2013,0,2.1,-2.1
779,Mercer,2016,0,2.1,-2.1
780,Montana,2017,0,2.1,-2.1
781,Stephen F. Austin,2017,0,2.1,-2.1
782,UT Martin,2017,0,2.1,-2.1
783,Illinois State,2016,0,2.2,-2.2
784,Indiana State,2014,0,2.2,-2.2
785,Middle Tennessee,2014,7.9,10.1,-2.2
786,Southeastern Louisiana,2016,0,2.2,-2.2
787,Tennessee State,2017,0,2.2,-2.2
788,Delaware,2013,0,2.2,-2.2
789,Louisiana,2016,7.9,10.1,-2.2
790,Tennessee Tech,2016,0,2.2,-2.2
791,Towson,2016,0,2.2,-2.2
792,Wofford,2016,0,2.2,-2.2
793,Central Arkansas,2013,0,2.3,-2.3
794,Delaware,2016,0,2.3,-2.3
795,Illinois State,2013,0,2.3,-2.3
796,Pennsylvania,2013,0,2.3,-2.3
797,Princeton,2015,0,2.3,-2.3
798,South Carolina State,2015,0,2.3,-2.3
799,Southeast Missouri State,2014,0,2.3,-2.3
800,Tennessee State,2013,0,2.3,-2.3
801,Villanova,2016,0,2.3,-2.3
802,UC Davis,2015,0,2.4,-2.4
803,Chattanooga,2013,0,2.4,-2.4
804,Georgia Southern,2012,0,2.4,-2.4
805,Jacksonville,2013,0,2.4,-2.4
806,Kennesaw State,2014,0,2.4,-2.4
807,Lehigh,2015,0,2.4,-2.4
808,Liberty,2017,0,2.4,-2.4
809,South Dakota,2017,0,2.4,-2.4
810,Tennessee Tech,2014,0,2.4,-2.4
811,Villanova,2011,0,2.4,-2.4
812,Youngstown State,2012,0,2.4,-2.4
813,Akron,2016,0,2.5,-2.5
814,Austin Peay,2013,0,2.5,-2.5
815,Bethune-Cookman,2013,0,2.5,-2.5
816,Cal Poly,2015,0,2.5,-2.5
817,Colorado State,2013,12.9,15.4,-2.5
818,Dartmouth,2016,0,2.5,-2.5
819,Eastern Kentucky,2016,0,2.5,-2.5
820,Florida A&M,2015,0,2.5,-2.5
821,Jackson State,2013,0,2.5,-2.5
822,Lamar,2013,0,2.5,-2.5
823,Samford,2014,0,2.5,-2.5
824,South Dakota,2015,0,2.5,-2.5
825,South Dakota State,2015,0,2.5,-2.5
826,Weber State,2016,0,2.5,-2.5
827,Buffalo,2012,7.9,10.5,-2.6
828,Georgia State,2012,0,2.6,-2.6
829,Grand Valley State,2013,0,2.6,-2.6
830,Indiana State,2016,0,2.6,-2.6
831,Portland State,2012,0,2.6,-2.6
832,Samford,2015,0,2.6,-2.6
833,Wake Forest,2013,25.7,28.3,-2.6
834,Florida A&M,2016,0,2.7,-2.7
835,Furman,2013,0,2.7,-2.7
836,James Madison,2016,0,2.7,-2.7
837,Murray State,2013,0,2.7,-2.7
838,Northern Arizona,2016,0,2.7,-2.7
839,Rhode Island,2016,0,2.7,-2.7
840,Austin Peay,2017,0,2.8,-2.8
841,Chattanooga,2017,0,2.8,-2.8
842,Kennesaw State,2017,0,2.8,-2.8
843,Tarleton State,2012,0,2.8,-2.8
844,Texas Southern,2017,0,2.8,-2.8
845,UT Martin,2015,0,2.8,-2.8
846,Villanova,2015,0,2.8,-2.8
847,William & Mary,2015,0,2.8,-2.8
848,Memphis,2011,19.5,22.4,-2.9
849,Alcorn State,2015,0,2.9,-2.9
850,Bethune-Cookman,2016,0,2.9,-2.9
851,Liberty,2015,0,2.9,-2.9
852,Navy,2010,0,2.9,-2.9
853,Northwestern State,2015,0,2.9,-2.9
854,Georgia Southern,2013,0,3,-3
855,McNeese,2016,0,3,-3
856,Northern Iowa,2011,0,3,-3
857,Northern Iowa,2014,0,3,-3
858,Princeton,2016,0,3,-3
859,Lamar,2016,0,3.1,-3.1
860,Southern Illinois,2014,0,3.1,-3.1
861,UTEP,2017,0,3.1,-3.1
862,Henderson State,2015,0,3.1,-3.1
863,North Dakota State,2017,0,3.1,-3.1
864,Pennsylvania,2016,0,3.1,-3.1
865,South Dakota State,2017,0,3.1,-3.1
866,Western Carolina,2015,0,3.1,-3.1
867,Austin Peay,2016,0,3.2,-3.2
868,James Madison,2015,0,3.2,-3.2
869,Delaware,2017,0,3.2,-3.2
870,Montana,2015,0,3.2,-3.2
871,The Citadel,2015,0,3.2,-3.2
872,Albany,2014,0,3.3,-3.3
873,Stony Brook,2017,0,3.3,-3.3
874,Northern Arizona,2014,0,3.4,-3.4
875,Air Force,2017,8,11.4,-3.4
876,Hawai'i,2011,15,18.4,-3.4
877,Portland State,2016,0,3.4,-3.4
878,Richmond,2016,0,3.4,-3.4
879,Southeast Missouri State,2016,0,3.4,-3.4
880,UAB,2016,0,3.4,-3.4
881,Central Arkansas,2016,0,3.5,-3.5
882,Charleston Southern,2014,0,3.5,-3.5
883,Princeton,2017,0,3.5,-3.5
884,Towson,2015,0,3.5,-3.5
885,Murray State,2016,0,3.6,-3.6
886,Florida International,2014,8,11.6,-3.6
887,Jacksonville State,2013,0,3.6,-3.6
888,Jacksonville State,2017,0,3.6,-3.6
889,Montana State,2017,0,3.6,-3.6
890,North Dakota State,2016,0,3.6,-3.6
891,Samford,2013,0,3.6,-3.6
892,Stony Brook,2014,0,3.6,-3.6
893,Albany,2013,0,3.7,-3.7
894,Harvard,2013,0,3.7,-3.7
895,Kent State,2016,0,3.7,-3.7
896,Old Dominion,2012,0,3.7,-3.7
897,South Dakota State,2016,0,3.7,-3.7
898,Alcorn State,2013,0,3.7,-3.7
899,UAB,2011,8.2,11.9,-3.7
900,Abilene Christian,2014,0,3.8,-3.8
901,Monmouth,2017,0,3.8,-3.8
902,Abilene Christian,2016,0,3.9,-3.9
903,Eastern Washington,2012,0,3.9,-3.9
904,Akron,2017,0,4,-4
905,Illinois,2015,35,39,-4
906,Jacksonville State,2015,0,4,-4
907,Eastern Washington,2016,0,4.1,-4.1
908,James Madison,2017,0,4.1,-4.1
909,New Mexico,2017,0,4.1,-4.1
910,Chattanooga,2015,0,4.2,-4.2
911,Eastern Kentucky,2017,0,4.2,-4.2
912,Georgia State,2015,0,4.2,-4.2
913,Jacksonville State,2014,0,4.2,-4.2
914,Southern Illinois,2017,0,4.2,-4.2
915,Appalachian State,2012,0,4.2,-4.2
916,Rhode Island,2014,0,4.2,-4.2
917,Princeton,2014,0,4.3,-4.3
918,UC Davis,2016,0,4.3,-4.3
919,Austin Peay,2015,0,4.3,-4.3
920,Savannah State,2017,0,4.3,-4.3
921,North Dakota State,2015,0,4.4,-4.4
922,Sam Houston State,2016,0,4.4,-4.4
923,Montana,2016,0,4.5,-4.5
924,Coastal Carolina,2017,0,4.6,-4.6
925,South Carolina State,2013,0,4.6,-4.6
926,Southern,2013,0,4.6,-4.6
927,Eastern Washington,2017,0,4.7,-4.7
928,Harvard,2016,0,4.7,-4.7
929,Mercer,2017,0,4.7,-4.7
930,Pennsylvania,2017,0,4.7,-4.7
931,Portland State,2014,0,4.7,-4.7
932,UTEP,2015,0,4.7,-4.7
933,Northern Arizona,2015,0,4.8,-4.8
934,Kent State,2017,0,4.9,-4.9
935,Northern Colorado,2016,0,4.9,-4.9
936,Villanova,2017,0,4.9,-4.9
937,Eastern Washington,2013,0,4.9,-4.9
938,Samford,2016,0,4.9,-4.9
939,Alabama,2011,355.3,360.3,-5
940,Florida International,2016,8,13,-5
941,James Madison,2012,0,5,-5
942,Tulane,2016,12.7,17.9,-5.2
943,Idaho,2015,0,5.4,-5.4
944,New Mexico State,2017,0,5.4,-5.4
945,Tennessee State,2016,0,5.4,-5.4
946,Tulane,2012,14.8,20.2,-5.4
947,Northern Arizona,2017,0,5.5,-5.5
948,Wisconsin,2015,49.7,55.2,-5.5
949,Connecticut,2015,8.6,14.1,-5.5
950,Georgia,2012,241.7,247.2,-5.5
951,Harvard,2014,0,5.5,-5.5
952,Hawai'i,2015,0,5.5,-5.5
953,Army,2012,0,5.6,-5.6
954,Arkansas State,2017,0,5.6,-5.6
955,Duke,2011,25.5,31.1,-5.6
956,UT San Antonio,2012,0,5.6,-5.6
957,Yale,2015,0,5.6,-5.6
958,South Alabama,2014,0,5.7,-5.7
959,Idaho,2013,0,5.8,-5.8
960,North Texas,2016,0,5.8,-5.8
961,Chattanooga,2014,0,5.9,-5.9
962,UMass,2014,0,6,-6
963,Illinois State,2014,0,6,-6
964,UNLV,2014,0,6,-6
965,Florida Atlantic,2010,0,6.1,-6.1
966,Columbia,2016,0,6.1,-6.1
967,Old Dominion,2017,0,6.1,-6.1
968,Wyoming,2013,0,6.1,-6.1
969,Fresno State,2014,12.5,18.7,-6.2
970,Jacksonville State,2016,0,6.2,-6.2
971,Georgia State,2016,0,6.2,-6.2
972,Buffalo,2013,0,6.3,-6.3
973,New Mexico,2015,0,6.3,-6.3
974,New Mexico State,2011,0,6.3,-6.3
975,Buffalo,2016,0,6.4,-6.4
976,Miami,2013,134.8,141.2,-6.4
977,Sam Houston State,2017,0,6.4,-6.4
978,North Texas,2010,0,6.4,-6.4
979,Louisiana Monroe,2013,0,6.5,-6.5
980,South Carolina,2010,96.6,103.1,-6.5
981,San José State,2013,0,6.6,-6.6
982,Charlotte,2016,0,6.6,-6.6
983,Northern Illinois,2016,0,6.6,-6.6
984,Stephen F. Austin,2016,0,6.6,-6.6
985,Oklahoma,2012,118.9,125.6,-6.7
986,Army,2013,0,6.8,-6.8
987,Louisiana Monroe,2016,0,6.8,-6.8
988,Purdue,2014,19.9,26.7,-6.8
989,Army,2014,0,7,-7
990,South Carolina State,2014,0,7,-7
991,New Mexico State,2015,0,7.1,-7.1
992,UTEP,2016,0,7.1,-7.1
993,Georgia State,2014,0,7.2,-7.2
994,UNLV,2017,0,7.2,-7.2
995,Utah State,2017,0,7.2,-7.2
996,Kent State,2014,0,7.4,-7.4
997,Miami (OH),2014,0,7.4,-7.4
998,Eastern Michigan,2016,0,7.4,-7.4
999,Eastern Michigan,2014,0,7.6,-7.6
1000,Idaho,2016,0,7.6,-7.6
1001,Yale,2013,0,7.6,-7.6
1002,Georgia Tech,2010,57,64.7,-7.7
1003,Rice,2017,0,7.7,-7.7
1004,Southern Mississippi,2015,0,7.7,-7.7
1005,Texas State,2016,0,7.8,-7.8
1006,Harvard,2015,0,7.8,-7.8
1007,Idaho,2011,0,7.8,-7.8
1008,North Texas,2013,0,7.8,-7.8
1009,Northwestern,2010,31.9,39.7,-7.8
1010,UAB,2014,0,7.8,-7.8
1011,UAB,2017,0,7.8,-7.8
1012,Utah State,2014,0,7.8,-7.8
1013,New Mexico State,2014,0,7.9,-7.9
1014,Ball State,2010,9.5,17.4,-7.9
1015,UT San Antonio,2016,0,8,-8
1016,UTEP,2014,0,8,-8
1017,Georgia Southern,2016,15,23,-8
1018,Iowa State,2010,17.4,25.4,-8
1019,Louisiana Tech,2011,0,8,-8
1020,Akron,2014,0,8.1,-8.1
1021,West Virginia,2017,17.9,26,-8.1
1022,Akron,2013,0,8.2,-8.2
1023,Harvard,2017,0,8.2,-8.2
1024,Northern Illinois,2015,12.2,20.4,-8.2
1025,Ohio,2010,0,8.2,-8.2
1026,Utah State,2013,0,8.3,-8.3
1027,Texas Tech,2011,101.1,109.4,-8.3
1028,LSU,2010,183.2,191.5,-8.3
1029,Syracuse,2017,26.3,34.7,-8.4
1030,Nevada,2013,0,8.4,-8.4
1031,Yale,2017,0,8.4,-8.4
1032,Georgia Southern,2014,0,8.5,-8.5
1033,UMass,2017,0,8.5,-8.5
1034,Ball State,2016,0,8.6,-8.6
1035,Middle Tennessee,2010,0,8.6,-8.6
1036,New Mexico,2011,0,8.6,-8.6
1037,Ohio,2016,0,8.6,-8.6
1038,UTEP,2011,0,8.6,-8.6
1039,Cincinnati,2016,15.8,24.5,-8.7
1040,Colorado,2017,68.8,77.5,-8.7
1041,New Mexico,2014,0,8.7,-8.7
1042,Troy,2011,0,8.7,-8.7
1043,Air Force,2015,0,8.8,-8.8
1044,Eastern Michigan,2011,0,8.8,-8.8
1045,Bowling Green,2016,0,8.8,-8.8
1046,Buffalo,2010,8.2,17.1,-8.9
1047,Texas State,2015,0,8.9,-8.9
1048,Charlotte,2017,0,8.9,-8.9
1049,Arkansas State,2011,0,9,-9
1050,Nevada,2011,0,9,-9
1051,Nevada,2017,0,9,-9
1052,Yale,2016,0,9,-9
1053,Appalachian State,2015,0,9.1,-9.1
1054,Idaho,2012,0,9.1,-9.1
1055,Central Michigan,2014,0,9.2,-9.2
1056,Louisiana Monroe,2010,0,9.2,-9.2
1057,Central Michigan,2012,8.3,17.6,-9.3
1058,Louisiana,2011,8.3,17.6,-9.3
1059,Middle Tennessee,2012,0,9.3,-9.3
1060,Nevada,2016,0,9.3,-9.3
1061,Utah State,2015,0,9.3,-9.3
1062,Charlotte,2013,0,9.4,-9.4
1063,Houston,2015,9,18.4,-9.4
1064,Old Dominion,2013,0,9.4,-9.4
1065,Illinois,2014,8.1,17.5,-9.4
1066,Oklahoma State,2017,44.5,53.9,-9.4
1067,Wyoming,2017,0,9.5,-9.5
1068,South Alabama,2012,0,9.6,-9.6
1069,Appalachian State,2017,0,9.6,-9.6
1070,East Carolina,2015,0,9.6,-9.6
1071,Kent State,2013,0,9.6,-9.6
1072,Texas State,2014,0,9.6,-9.6
1073,Central Michigan,2016,0,9.7,-9.7
1074,Kent State,2011,0,9.7,-9.7
1075,Old Dominion,2016,0,9.7,-9.7
1076,Connecticut,2014,0,9.8,-9.8
1077,Navy,2012,0,9.8,-9.8
1078,UT San Antonio,2013,0,9.8,-9.8
1079,Maryland,2013,47.1,57,-9.9
1080,Colorado State,2012,0,9.9,-9.9
1081,New Mexico State,2012,0,9.9,-9.9
1082,New Mexico State,2013,0,10,-10
1083,Texas State,2012,0,10,-10
1084,Georgia,2015,303.8,313.8,-10
1085,Georgia State,2017,0,10,-10
1086,Temple,2017,0,10,-10
1087,Middle Tennessee,2016,0,10.1,-10.1
1088,Troy,2017,0,10.1,-10.1
1089,UNLV,2011,0,10.2,-10.2
1090,Ohio,2017,0,10.2,-10.2
1091,UNLV,2015,0,10.2,-10.2
1092,Buffalo,2017,0,10.3,-10.3
1093,Temple,2011,0,10.3,-10.3
1094,Eastern Michigan,2010,0,10.3,-10.3
1095,San José State,2017,0,10.3,-10.3
1096,Akron,2011,0,10.4,-10.4
1097,Florida Atlantic,2012,0,10.4,-10.4
1098,Maryland,2011,27.4,37.8,-10.4
1099,Air Force,2014,0,10.5,-10.5
1100,Ball State,2014,0,10.5,-10.5
1101,Hawai'i,2017,0,10.5,-10.5
1102,Kansas State,2010,9.3,19.8,-10.5
1103,New Mexico State,2010,0,10.5,-10.5
1104,Georgia Southern,2017,0,10.6,-10.6
1105,Louisiana Monroe,2017,0,10.6,-10.6
1106,North Texas,2014,0,10.7,-10.7
1107,Navy,2014,0,10.7,-10.7
1108,Northern Illinois,2017,0,10.7,-10.7
1109,South Carolina State,2012,0,10.7,-10.7
1110,Washington State,2013,30,40.7,-10.7
1111,South Alabama,2011,0,10.8,-10.8
1112,Tulsa,2016,0,10.8,-10.8
1113,Stanford,2010,83.6,94.4,-10.8
1114,Buffalo,2014,0,10.9,-10.9
1115,Florida International,2013,0,10.9,-10.9
1116,Middle Tennessee,2015,0,11,-11
1117,LSU,2013,211.5,222.5,-11
1118,Louisiana,2010,0,11.1,-11.1
1119,Ohio,2014,0,11.2,-11.2
1120,Fresno State,2017,0,11.2,-11.2
1121,Old Dominion,2015,0,11.2,-11.2
1122,South Alabama,2017,0,11.3,-11.3
1123,Louisiana Monroe,2011,0,11.4,-11.4
1124,Troy,2013,0,11.4,-11.4
1125,Navy,2013,0,11.4,-11.4
1126,Kent State,2010,0,11.5,-11.5
1127,Utah,2015,30,41.5,-11.5
1128,Louisiana Monroe,2015,0,11.6,-11.6
1129,Arkansas State,2013,0,11.6,-11.6
1130,Kansas,2013,0,11.6,-11.6
1131,Miami (OH),2011,0,11.6,-11.6
1132,Nevada,2015,0,11.6,-11.6
1133,Ball State,2011,0,11.7,-11.7
1134,Central Michigan,2013,0,11.7,-11.7
1135,Northern Illinois,2011,0,11.7,-11.7
1136,Florida Atlantic,2015,8,19.8,-11.8
1137,Fresno State,2012,0,11.9,-11.9
1138,Western Kentucky,2015,0,11.9,-11.9
1139,Middle Tennessee,2017,0,12,-12
1140,Louisiana,2014,0,12,-12
1141,North Texas,2015,0,12.1,-12.1
1142,Troy,2012,0,12.1,-12.1
1143,West Virginia,2015,41.1,53.2,-12.1
1144,Idaho,2010,0,12.2,-12.2
1145,Purdue,2010,34.1,46.3,-12.2
1146,Connecticut,2017,0,12.2,-12.2
1147,North Texas,2011,0,12.2,-12.2
1148,South Alabama,2015,0,12.2,-12.2
1149,Arkansas State,2014,0,12.3,-12.3
1150,Bowling Green,2011,0,12.5,-12.5
1151,Air Force,2016,0,12.5,-12.5
1152,Texas State,2013,0,12.6,-12.6
1153,Ball State,2013,0,12.6,-12.6
1154,San José State,2012,0,12.6,-12.6
1155,UAB,2012,0,12.6,-12.6
1156,West Virginia,2011,24.3,36.9,-12.6
1157,Bowling Green,2014,0,12.7,-12.7
1158,Kansas,2016,8.1,20.8,-12.7
1159,UCF,2012,0,12.7,-12.7
1160,Marshall,2017,0,12.8,-12.8
1161,UT San Antonio,2015,0,12.8,-12.8
1162,Western Michigan,2017,0,12.8,-12.8
1163,Eastern Michigan,2013,0,12.8,-12.8
1164,Louisiana,2012,0,12.8,-12.8
1165,Buffalo,2011,0,12.9,-12.9
1166,Troy,2016,0,12.9,-12.9
1167,Ohio,2011,0,13,-13
1168,UNLV,2012,0,13,-13
1169,UNLV,2013,0,13.1,-13.1
1170,Yale,2014,0,13.1,-13.1
1171,Southern Mississippi,2016,0,13.1,-13.1
1172,Toledo,2016,0,13.1,-13.1
1173,Connecticut,2016,0,13.3,-13.3
1174,Toledo,2014,0,13.3,-13.3
1175,Minnesota,2011,20.9,34.3,-13.4
1176,BYU,2012,21.5,35,-13.5
1177,Boise State,2010,0,13.5,-13.5
1178,Bowling Green,2012,0,13.5,-13.5
1179,Rice,2015,0,13.5,-13.5
1180,San José State,2014,0,13.5,-13.5
1181,Pittsburgh,2015,31.7,45.3,-13.6
1182,Ball State,2012,0,13.6,-13.6
1183,Central Michigan,2017,0,13.6,-13.6
1184,Miami (OH),2013,0,13.6,-13.6
1185,UTEP,2012,0,13.6,-13.6
1186,Army,2016,0,13.7,-13.7
1187,Middle Tennessee,2013,0,13.7,-13.7
1188,Rice,2011,0,13.7,-13.7
1189,Florida Atlantic,2014,0,13.8,-13.8
1190,Florida Atlantic,2011,0,13.8,-13.8
1191,Western Kentucky,2016,0,13.9,-13.9
1192,Florida International,2015,0,13.9,-13.9
1193,Louisiana Tech,2014,0,14,-14
1194,Navy,2011,0,14,-14
1195,Arkansas State,2015,0,14.1,-14.1
1196,New Mexico,2012,0,14.1,-14.1
1197,North Texas,2012,0,14.1,-14.1
1198,Kent State,2015,0,14.2,-14.2
1199,Bowling Green,2017,0,14.2,-14.2
1200,Kent State,2012,0,14.2,-14.2
1201,Louisville,2010,36.7,50.9,-14.2
1202,Minnesota,2013,8,22.2,-14.2
1203,Minnesota,2015,16.6,30.9,-14.3
1204,New Mexico,2013,0,14.3,-14.3
1205,Arkansas State,2010,0,14.4,-14.4
1206,Kansas,2017,0,14.4,-14.4
1207,Northern Illinois,2013,0,14.4,-14.4
1208,Purdue,2016,0,14.4,-14.4
1209,Rice,2014,0,14.4,-14.4
1210,South Alabama,2013,0,14.5,-14.5
1211,Miami (OH),2017,0,14.5,-14.5
1212,Navy,2015,0,14.5,-14.5
1213,San José State,2016,0,14.5,-14.5
1214,Army,2015,0,14.6,-14.6
1215,South Alabama,2016,0,14.6,-14.6
1216,Texas State,2017,0,14.6,-14.6
1217,UCLA,2011,43.3,58,-14.7
1218,Tulane,2014,0,14.8,-14.8
1219,Cincinnati,2014,7.9,22.7,-14.8
1220,UMass,2013,0,14.9,-14.9
1221,Fresno State,2016,0,14.9,-14.9
1222,Tulsa,2012,0,14.9,-14.9
1223,UNLV,2010,0,14.9,-14.9
1224,Colorado State,2014,0,15,-15
1225,Florida Atlantic,2017,0,15.1,-15.1
1226,Georgia Southern,2015,0,15.1,-15.1
1227,Central Michigan,2011,0,15.2,-15.2
1228,Central Michigan,2010,0,15.3,-15.3
1229,Southern Mississippi,2011,0,15.3,-15.3
1230,Wisconsin,2016,58.6,74,-15.4
1231,SMU,2013,7.9,23.3,-15.4
1232,Army,2017,0,15.5,-15.5
1233,East Carolina,2014,0,15.5,-15.5
1234,Florida International,2011,0,15.5,-15.5
1235,Connecticut,2011,0,15.5,-15.5
1236,UNLV,2016,0,15.5,-15.5
1237,East Carolina,2010,0,15.7,-15.7
1238,TCU,2012,62.9,78.6,-15.7
1239,Cincinnati,2017,15,30.9,-15.9
1240,Kansas,2012,0,15.9,-15.9
1241,Louisiana Tech,2010,0,15.9,-15.9
1242,Kansas State,2012,0,16,-16
1243,Western Kentucky,2017,0,16,-16
1244,Marshall,2010,17,33.1,-16.1
1245,Missouri,2011,15.8,31.9,-16.1
1246,Syracuse,2013,0,16.1,-16.1
1247,Nevada,2010,0,16.2,-16.2
1248,Nevada,2014,0,16.2,-16.2
1249,Rice,2013,0,16.2,-16.2
1250,Virginia Tech,2016,33.2,49.5,-16.3
1251,Appalachian State,2014,0,16.4,-16.4
1252,Ohio,2015,0,16.6,-16.6
1253,Fresno State,2013,0,16.6,-16.6
1254,Toledo,2012,7.9,24.6,-16.7
1255,Tulane,2015,0,16.7,-16.7
1256,Rice,2012,0,16.9,-16.9
1257,New Mexico,2016,0,17,-17
1258,Arizona,2010,24.9,41.9,-17
1259,Nevada,2012,0,17,-17
1260,Stanford,2013,41,58,-17
1261,Air Force,2011,0,17.2,-17.2
1262,UAB,2010,0,17.2,-17.2
1263,Florida International,2017,0,17.3,-17.3
1264,Hawai'i,2013,0,17.3,-17.3
1265,Marshall,2012,0,17.3,-17.3
1266,Mississippi State,2013,78.2,95.5,-17.3
1267,Troy,2010,0,17.3,-17.3
1268,San Diego State,2016,0,17.4,-17.4
1269,Colorado State,2016,0,17.5,-17.5
1270,Akron,2010,0,17.6,-17.6
1271,Temple,2013,8,25.7,-17.7
1272,Air Force,2013,0,17.8,-17.8
1273,SMU,2017,0,17.8,-17.8
1274,Toledo,2010,0,17.8,-17.8
1275,East Carolina,2012,0,17.9,-17.9
1276,Vanderbilt,2013,79,97.1,-18.1
1277,Miami (OH),2010,0,18.2,-18.2
1278,Western Michigan,2011,0,18.2,-18.2
1279,Miami (OH),2015,0,18.3,-18.3
1280,Memphis,2016,7.9,26.3,-18.4
1281,Miami (OH),2012,0,18.4,-18.4
1282,Rice,2010,0,18.4,-18.4
1283,Army,2011,0,18.8,-18.8
1284,Houston,2011,0,18.8,-18.8
1285,Tulsa,2014,0,18.8,-18.8
1286,Colorado State,2011,9.5,28.7,-19.2
1287,Toledo,2015,0,19.3,-19.3
1288,Baylor,2010,49.7,69.1,-19.4
1289,Bowling Green,2013,0,19.5,-19.5
1290,East Carolina,2017,0,19.5,-19.5
1291,Arizona,2011,23.8,43.6,-19.8
1292,Southern Mississippi,2013,0,19.8,-19.8
1293,Army,2010,0,19.9,-19.9
1294,Tulane,2011,0,19.9,-19.9
1295,Washington,2012,116.8,136.8,-20
1296,Toledo,2017,0,20,-20
1297,Utah,2014,7.9,27.9,-20
1298,Kansas State,2016,0,20.2,-20.2
1299,Marshall,2015,0,20.2,-20.2
1300,San Diego State,2010,0,20.2,-20.2
1301,Temple,2010,0,20.2,-20.2
1302,Hawai'i,2012,0,20.4,-20.4
1303,Minnesota,2010,21.9,42.3,-20.4
1304,Cincinnati,2013,0,20.5,-20.5
1305,Tulane,2010,0,20.5,-20.5
1306,Indiana,2014,31.5,52.1,-20.6
1307,Louisiana Tech,2015,0,20.6,-20.6
1308,Navy,2016,0,21,-21
1309,Navy,2017,0,21,-21
1310,UCF,2017,22.4,43.4,-21
1311,Oregon State,2015,8.8,29.9,-21.1
1312,Western Michigan,2010,0,21.2,-21.2
1313,Tulsa,2011,0,21.3,-21.3
1314,Purdue,2011,0,21.7,-21.7
1315,Bowling Green,2010,0,21.7,-21.7
1316,Marshall,2013,0,21.7,-21.7
1317,Boston College,2016,0,22.4,-22.4
1318,UTEP,2010,0,22.4,-22.4
1319,Arkansas State,2012,0,22.5,-22.5
1320,UT San Antonio,2017,0,22.5,-22.5
1321,Florida International,2010,0,22.9,-22.9
1322,Tulsa,2013,0,22.9,-22.9
1323,Pittsburgh,2016,59,82,-23
1324,Southern Mississippi,2012,7.9,30.9,-23
1325,San Diego State,2011,0,23.1,-23.1
1326,Ball State,2017,0,23.3,-23.3
1327,Kansas State,2017,7.9,31.4,-23.5
1328,Western Michigan,2015,0,23.5,-23.5
1329,BYU,2013,0,23.8,-23.8
1330,Penn State,2013,80,103.8,-23.8
1331,Florida International,2012,0,23.9,-23.9
1332,Georgia Tech,2013,7.9,31.8,-23.9
1333,Northwestern,2012,29,52.9,-23.9
1334,Connecticut,2013,11.3,35.3,-24
1335,Stanford,2011,86.2,110.3,-24.1
1336,Air Force,2012,0,24.2,-24.2
1337,Arkansas,2012,66,90.3,-24.3
1338,Southern Mississippi,2017,0,24.3,-24.3
1339,Toledo,2011,0,24.4,-24.4
1340,Rutgers,2014,11.9,36.5,-24.6
1341,Fresno State,2015,0,24.6,-24.6
1342,Colorado,2016,0,24.7,-24.7
1343,Hawai'i,2010,0,24.7,-24.7
1344,Colorado,2014,0,24.8,-24.8
1345,Washington State,2016,8.3,33.3,-25
1346,Virginia,2010,0,25,-25
1347,Nebraska,2012,41.6,66.7,-25.1
1348,Indiana,2010,0,25.1,-25.1
1349,Iowa State,2013,0,25.3,-25.3
1350,New Mexico,2010,0,25.4,-25.4
1351,Purdue,2013,8,33.4,-25.4
1352,South Florida,2017,0,25.4,-25.4
1353,Boise State,2014,15.3,40.8,-25.5
1354,BYU,2016,7.9,33.6,-25.7
1355,East Carolina,2011,0,25.7,-25.7
1356,Illinois,2016,0,25.7,-25.7
1357,Missouri,2015,77,102.8,-25.8
1358,Oregon State,2014,9.5,35.3,-25.8
1359,SMU,2016,0,25.9,-25.9
1360,Colorado State,2017,0,26,-26
1361,Wisconsin,2010,30,56,-26
1362,Duke,2013,0,26.2,-26.2
1363,Iowa State,2012,0,26.3,-26.3
1364,Michigan,2012,183.7,210.1,-26.4
1365,Missouri,2016,23.7,50.3,-26.6
1366,South Florida,2015,0,26.7,-26.7
1367,Washington State,2011,0,26.8,-26.8
1368,Arizona State,2014,56.4,83.3,-26.9
1369,Oklahoma State,2013,36.6,64.2,-27.6
1370,Wisconsin,2014,48.9,76.5,-27.6
1371,West Virginia,2014,26.3,53.9,-27.6
1372,BYU,2017,7.9,35.8,-27.9
1373,South Florida,2016,0,28,-28
1374,Iowa State,2011,0,28.1,-28.1
1375,South Florida,2011,0,28.1,-28.1
1376,Kansas,2011,30.3,58.4,-28.1
1377,Georgia Tech,2016,8.4,36.6,-28.2
1378,Arizona,2017,26.9,55.1,-28.2
1379,SMU,2012,0,28.2,-28.2
1380,Wake Forest,2012,0,28.4,-28.4
1381,East Carolina,2013,0,28.4,-28.4
1382,Marshall,2014,0,28.5,-28.5
1383,Baylor,2011,13.8,42.3,-28.5
1384,Michigan,2014,143.4,172,-28.6
1385,Syracuse,2014,15.8,44.5,-28.7
1386,California,2014,7.9,36.8,-28.9
1387,Oregon State,2017,8.5,37.4,-28.9
1388,Syracuse,2011,0,29,-29
1389,Miami,2014,154.2,183.4,-29.2
1390,Tulsa,2010,0,29.2,-29.2
1391,SMU,2010,11.3,40.9,-29.6
1392,Oregon State,2016,0,29.7,-29.7
1393,BYU,2011,0,29.9,-29.9
1394,USC,2015,374.7,404.7,-30
1395,UCF,2015,0,30.3,-30.3
1396,Wake Forest,2011,0,30.3,-30.3
1397,Indiana,2016,0,30.5,-30.5
1398,Boise State,2015,0,30.7,-30.7
1399,San Diego State,2015,0,30.8,-30.8
1400,Kansas State,2015,8.6,39.4,-30.8
1401,Wake Forest,2017,0,30.9,-30.9
1402,Ole Miss,2011,79.4,110.4,-31
1403,North Carolina,2014,69.1,100.1,-31
1404,Colorado,2011,0,31.1,-31.1
1405,Kentucky,2010,18.1,49.2,-31.1
1406,Boise State,2017,0,31.3,-31.3
1407,Indiana,2015,8.4,39.9,-31.5
1408,Illinois,2010,8.3,39.9,-31.6
1409,Maryland,2012,67.2,98.8,-31.6
1410,Michigan,2011,52.9,84.5,-31.6
1411,Baylor,2017,35.6,67.3,-31.7
1412,Rutgers,2016,0,32,-32
1413,Texas A&M,2014,250.5,282.6,-32.1
1414,California,2017,0,32.3,-32.3
1415,Kansas,2014,0,32.3,-32.3
1416,Kansas,2010,7.9,40.4,-32.5
1417,Vanderbilt,2012,24.5,57,-32.5
1418,Northwestern,2011,0,32.6,-32.6
1419,Illinois,2011,31.3,64,-32.7
1420,Arizona State,2011,0,32.9,-32.9
1421,Illinois,2012,0,33,-33
1422,Auburn,2017,106.6,139.7,-33.1
1423,Wake Forest,2015,11.7,45.1,-33.4
1424,Syracuse,2016,0,33.6,-33.6
1425,Texas Tech,2017,7.9,41.9,-34
1426,UCLA,2017,158.5,192.7,-34.2
1427,Syracuse,2012,0,34.3,-34.3
1428,Marshall,2016,7.9,42.3,-34.4
1429,Duke,2012,0,34.6,-34.6
1430,Indiana,2017,0,34.7,-34.7
1431,Utah,2010,8.3,43,-34.7
1432,Boise State,2012,0,34.7,-34.7
1433,Marshall,2011,0,34.8,-34.8
1434,Northwestern,2014,21.9,56.7,-34.8
1435,Memphis,2017,0,35,-35
1436,South Carolina,2014,80.2,115.3,-35.1
1437,Syracuse,2010,0,35.3,-35.3
1438,Washington State,2012,0,35.3,-35.3
1439,SMU,2011,0,35.6,-35.6
1440,Northwestern,2016,7.9,44.1,-36.2
1441,South Florida,2014,19.9,56.2,-36.3
1442,California,2015,21.5,58.4,-36.9
1443,NC State,2016,8.6,45.5,-36.9
1444,Notre Dame,2015,154.3,191.3,-37
1445,Cincinnati,2010,0,37.1,-37.1
1446,Purdue,2012,10.1,47.5,-37.4
1447,Rutgers,2010,7.9,45.3,-37.4
1448,Iowa State,2017,0,37.6,-37.6
1449,Baylor,2015,29.5,67.3,-37.8
1450,Minnesota,2017,0,37.9,-37.9
1451,Vanderbilt,2015,0,38.3,-38.3
1452,Boston College,2011,15.8,54.3,-38.5
1453,Penn State,2016,117.2,155.7,-38.5
1454,Duke,2014,0,39.2,-39.2
1455,Oregon State,2012,33.6,72.9,-39.3
1456,Arkansas,2010,24,63.5,-39.5
1457,Oregon State,2013,0,39.7,-39.7
1458,Washington,2015,40.9,80.7,-39.8
1459,Mississippi State,2012,39.8,80,-40.2
1460,Pittsburgh,2011,0,40.3,-40.3
1461,Virginia,2017,0,40.4,-40.4
1462,Tennessee,2013,44.3,84.9,-40.6
1463,Vanderbilt,2011,0,40.6,-40.6
1464,Arizona State,2013,0,40.8,-40.8
1465,Oklahoma State,2015,0,40.8,-40.8
1466,South Florida,2010,8,48.8,-40.8
1467,Iowa State,2014,0,41.2,-41.2
1468,Iowa,2014,0,41.3,-41.3
1469,Arizona,2015,0,41.7,-41.7
1470,Michigan,2015,30.1,72.4,-42.3
1471,Northwestern,2015,0,42.7,-42.7
1472,Georgia Tech,2017,7.9,50.8,-42.9
1473,Arizona,2012,8,51.1,-43.1
1474,South Florida,2012,0,43.2,-43.2
1475,Houston,2010,0,43.4,-43.4
1476,North Carolina,2017,33.2,76.7,-43.5
1477,Arkansas,2015,42.6,86.2,-43.6
1478,Ole Miss,2014,70.4,114.1,-43.7
1479,Northwestern,2013,0,44,-44
1480,NC State,2012,0,44.2,-44.2
1481,NC State,2017,0,44.3,-44.3
1482,Georgia Tech,2014,0,44.5,-44.5
1483,Washington State,2017,0,44.6,-44.6
1484,Illinois,2013,0,44.6,-44.6
1485,Georgia Tech,2011,8.8,53.5,-44.7
1486,Arizona,2016,0,44.9,-44.9
1487,Texas A&M,2017,84,128.9,-44.9
1488,Ohio State,2012,213.6,259.3,-45.7
1489,West Virginia,2016,0,46.1,-46.1
1490,Southern Mississippi,2010,0,46.2,-46.2
1491,Washington State,2015,0,46.7,-46.7
1492,Virginia,2012,53.5,100.3,-46.8
1493,Arizona State,2012,0,48.4,-48.4
1494,NC State,2015,33.6,82,-48.4
1495,Nebraska,2013,40.5,89,-48.5
1496,Oregon,2014,62.6,111.1,-48.5
1497,Texas Tech,2015,25.9,74.6,-48.7
1498,Louisville,2014,0,49,-49
1499,Oklahoma,2014,114.7,164.5,-49.8
1500,Louisville,2016,0,50.5,-50.5
1501,Kentucky,2013,0,50.8,-50.8
1502,North Carolina,2016,34.1,85.8,-51.7
1503,Michigan State,2017,21,73,-52
1504,Maryland,2010,8.8,60.9,-52.1
1505,Mississippi State,2014,7.9,60.5,-52.6
1506,Cincinnati,2012,0,53.3,-53.3
1507,Oklahoma,2015,81.2,134.9,-53.7
1508,Virginia Tech,2011,11.2,65.4,-54.2
1509,Arizona State,2017,8,62.2,-54.2
1510,Maryland,2014,10.3,64.6,-54.3
1511,TCU,2010,0,54.4,-54.4
1512,Indiana,2013,0,54.8,-54.8
1513,Virginia Tech,2013,65.2,120.1,-54.9
1514,Pittsburgh,2017,21.3,76.2,-54.9
1515,Kentucky,2012,0,55,-55
1516,Kentucky,2011,9.9,65,-55.1
1517,Minnesota,2014,0,55.4,-55.4
1518,Rutgers,2017,0,55.4,-55.4
1519,UCLA,2015,169.4,225.1,-55.7
1520,Nebraska,2010,23.7,79.7,-56
1521,Vanderbilt,2014,0,56.2,-56.2
1522,Stanford,2017,185.3,241.8,-56.5
1523,Alabama,2014,449.1,505.7,-56.6
1524,Ole Miss,2012,9.1,66,-56.9
1525,Virginia,2013,19.1,77,-57.9
1526,Maryland,2016,7.9,65.9,-58
1527,TCU,2015,0,58.4,-58.4
1528,Houston,2012,0,58.6,-58.6
1529,Rutgers,2011,31.1,90.1,-59
1530,Georgia,2010,94.5,153.8,-59.3
1531,Kentucky,2016,8.6,68,-59.4
1532,Missouri,2012,94.7,154.6,-59.9
1533,Texas A&M,2016,66.6,126.8,-60.2
1534,Georgia Tech,2015,0,60.7,-60.7
1535,Michigan State,2013,0,60.8,-60.8
1536,Arizona,2013,0,61.2,-61.2
1537,Nebraska,2014,0,61.5,-61.5
1538,West Virginia,2010,0,62,-62
1539,Nebraska,2015,17.4,80.1,-62.7
1540,Arkansas,2011,46.2,109.2,-63
1541,Texas Tech,2010,0,63.2,-63.2
1542,Arkansas,2017,8.1,71.7,-63.6
1543,Texas A&M,2012,91.9,155.9,-64
1544,Mississippi State,2010,9.5,74.1,-64.6
1545,North Carolina,2012,0,64.7,-64.7
1546,Miami,2016,43.8,109.2,-65.4
1547,Michigan,2013,199.7,265.4,-65.7
1548,TCU,2013,0,66.7,-66.7
1549,Baylor,2013,23.2,90.5,-67.3
1550,Michigan State,2012,8.2,75.8,-67.6
1551,Ole Miss,2017,0,67.9,-67.9
1552,Pittsburgh,2012,9,77.8,-68.8
1553,California,2016,31.6,100.5,-68.9
1554,Oregon,2010,76.5,145.7,-69.2
1555,Michigan State,2015,24.9,94.6,-69.7
1556,Ole Miss,2010,0,69.9,-69.9
1557,Notre Dame,2011,181.9,251.8,-69.9
1558,Rutgers,2012,30.8,100.7,-69.9
1559,UCLA,2012,76.7,147.2,-70.5
1560,Louisville,2013,0,72,-72
1561,Ole Miss,2015,56.9,129.4,-72.5
1562,Texas Tech,2012,0,72.8,-72.8
1563,Alabama,2010,170.7,243.6,-72.9
1564,Iowa,2011,17.8,91,-73.2
1565,TCU,2011,26.8,100.6,-73.8
1566,Missouri,2014,0,74.1,-74.1
1567,Arkansas,2016,36.4,110.6,-74.2
1568,Colorado,2012,0,74.5,-74.5
1569,Maryland,2017,23,98.6,-75.6
1570,South Carolina,2015,8.9,85.8,-76.9
1571,Arizona,2014,0,77,-77
1572,Duke,2016,0,77.1,-77.1
1573,BYU,2010,0,78,-78
1574,Auburn,2015,156.2,234.5,-78.3
1575,South Carolina,2013,31.7,111,-79.3
1576,Tennessee,2012,13.1,95,-81.9
1577,California,2012,7.9,90.2,-82.3
1578,Michigan State,2016,31.9,116.4,-84.5
1579,Kentucky,2014,26.8,112.1,-85.3
1580,South Carolina,2017,8.8,95.7,-86.9
1581,Nebraska,2016,7.9,95.6,-87.7
1582,Nebraska,2017,16.1,104.3,-88.2
1583,Nebraska,2011,52.2,143.5,-91.3
1584,Oregon,2017,20.8,112.4,-91.6
1585,Florida State,2011,240.7,341.4,-100.7
1586,Texas,2014,29.7,130.7,-101
1587,California,2010,35,136,-101
1588,Michigan,2010,30.1,131.3,-101.2
1589,Texas,2015,124.7,226.2,-101.5
1590,Virginia Tech,2012,0,101.9,-101.9
1591,Georgia,2016,166.3,268.5,-102.2
1592,Oklahoma State,2011,0,103.8,-103.8
1593,Florida State,2014,160.7,266.8,-106.1
1594,Notre Dame,2010,30.9,137.5,-106.6
1595,UCLA,2016,69.5,177.9,-108.4
1596,Auburn,2013,74.8,183.9,-109.1
1597,Florida,2015,84.4,193.5,-109.1
1598,Baylor,2014,0,111.8,-111.8
1599,California,2011,34.9,147.3,-112.4
1600,Virginia,2014,16.4,129.7,-113.3
1601,Virginia,2011,0,114.1,-114.1
1602,Oregon,2013,0,114.9,-114.9
1603,Oregon,2015,26.8,143.5,-116.7
1604,Washington,2010,0,117.7,-117.7
1605,Penn State,2010,24.5,142.7,-118.2
1606,South Carolina,2012,22.6,141,-118.4
1607,LSU,2015,160.1,279,-118.9
1608,Mississippi State,2015,0,119.2,-119.2
1609,Tennessee,2017,42.4,162,-119.6
1610,Miami,2010,84.1,204.8,-120.7
1611,Oklahoma,2016,0,121.3,-121.3
1612,Arizona State,2015,0,122.4,-122.4
1613,Oklahoma,2010,136.9,259.5,-122.6
1614,Miami,2017,27.6,150.7,-123.1
1615,Oklahoma,2013,9.6,136.9,-127.3
1616,Auburn,2012,24.2,154.9,-130.7
1617,Texas,2016,111.9,243.1,-131.2
1618,Stanford,2016,23.6,155.9,-132.3
1619,Tennessee,2016,0,132.5,-132.5
1620,Texas,2013,0,136.1,-136.1
1621,Oklahoma,2011,54.5,192,-137.5
1622,Florida State,2016,163.4,302.4,-139
1623,Florida,2012,139.3,287.4,-148.1
1624,Florida State,2015,167.7,324.8,-157.1
1625,Tennessee,2011,0,158.6,-158.6
1626,Florida,2011,37.5,197,-159.5
1627,USC,2016,84.7,244.3,-159.6
1628,Georgia,2013,0,164.6,-164.6
1629,Texas A&M,2013,34.5,204.5,-170
1630,USC,2011,102.6,276,-173.4
1631,Auburn,2014,16.2,190.1,-173.9
1632,Georgia,2011,105.7,283.9,-178.2
1633,Tennessee,2015,79.9,262.3,-182.4
1634,Auburn,2010,30,222.7,-192.7
1635,Ole Miss,2016,126.5,322.5,-196
1636,Texas,2012,121.3,318.7,-197.4
1637,Florida,2010,394.4,593.5,-199.1
1638,Florida State,2017,112,352.8,-240.8
1639,Texas,2011,28.7,271.7,-243
1640,USC,2013,61.3,305.5,-244.2
1641,USC,2010,87.8,359.5,-271.7
1642,Texas,2010,31.5,434,-402.5
